Barcode Number,Comments,Part Number (Distributor),Distributor,Line Item,Qty/APA,Qty/Shipment (2xAPA),Part Name,,Distributor Indicator: (Oyy),Distributor:,
40000yyy001x,,824366,Force Fasteners International,1,78,156,M6-1.00x8mm Silver Plated Button Head Captive Screw (BHCS SP),,1,Mouser Electronics,
40000yyy002x,,CSU-Man-06,Van Cafe ,2,4,8,Cable Containment Bracket,,2,Force Fasteners International,
40000yyy003x,,94868A769,McMaster-Carr,3,10,20,Cable Containment Spacer,,3,Van Cafe ,
40000yyy004x,,SCM-A2-05-008,Force Fasteners International,4,28,56,M5-0.80x8mm Silver Plated Socket Head Captive Screw (SHCS SP),,4,McMaster-Carr,
40000yyy005x,,NL5SPSS,Force Fasteners International,5,28,56,5mm Nord Lock Washer Pair Stainless Large OD (NL),,5,Sterling Edge,
40000yyy006x,Custom_Message_1,,,6,2,4,M6-1.00x10mm Silver Plated Button Head Captive Screw (BHCS SP),,Silver Plating Indicator: (yOy),,
40000yyy007x,,SCHNORR-06,Force Fasteners International,7,2,4,6mm Stainless Steel safety washers (M6 Schnorr washers),,0,Not Silver Plated,
40000yyy008x,,8545K24,McMaster-Carr,8,4,8,PTFE Cable Bushing,,1,Silver Plated —> add message: ,Contact TWR services for updated silver plating prices. 
———————,————————————-,———————————,—————————————,9,10,20,Upper Cables,,CSU-Man-yy,,Link to Drawing/schematic
———————,————————————-,———————————,—————————————,10,10,20,Passthrough Cables ,,"""-01""",G10 Mount Plates,
40000yyy011x,,CSU-Man-04,Van Cafe ,11,20,40,Far-side Guide Rails (Long),"""005676""","""-02""",SS Mount Plates,
40000yyy012x,,CSU-Man-03,Van Cafe,12,40,80,Stainless Steel(SS) Angle Brackets,"""005694""","""-03""",SS Angle Brackets,
40000yyy013x,,823008,Force Fasteners International,13,80,160,M3-0.50x10mm Silver Plated Flat Socket Head Captive Screw (FSHCS SP),,"""-04""",Far Side Guide Rails,
40000yyy014x,,NL3SS,Force Fasteners International,14,80,160,3mm Nord Lock Washer pairs Stainless,,"""-05""",Near-Side Guide Rails,
40000yyy015x,,HNMA2-03,Force Fasteners International,15,80,160,M3-0.50 Hex Nuts,,"""-06""",Cable Containment Brackets,
40000yyy016x,,549050,Force Fasteners International,16,80,160,M5-0.80x10mm Silver Plated Socket Head Captive Screw (SHCS SP),,"""-07""",SS Bulkhead Plate,
40000yyy017x,,NL5SPSS,Force Fasteners International,17,80,160,5mm Nord Lock Washer Pair Stainless Large OD (NL),,"""-08""",G10 Bulkhead Plate,
40000yyy018x,,CSU-Man-05,Van Cafe,18,20,40,Near-side Guide Rails (Short),"""005677""",Custom_Message_1: —>,Get quote from Force Fasteners,
40000yyy019x,,CSU-Man-03,Van Cafe,19,40,80,Stainless Steel(SS) Angle Brackets,"""005694""",,,
40000yyy020x,,823008,Force Fasteners International,20,80,160,M3-0.50x10mm Silver Plated Flat Socket Head Captive Screw (FSHCS SP),,,,
40000yyy021x,,NL3SS,Force Fasteners International,21,80,160,3mm Nord Lock Washer pairs Stainless,,,,
40000yyy022x,,HNMA2-03,Force Fasteners International,22,80,160,M3-0.50 Hex Nuts,,,,
40000yyy023x,,SCM-A2-05-016,Force Fasteners International,23,100,200,M5-0.80x16mm Silver Plated Socket Head Captive Screw (SHCS SP),,,,
40000yyy024x,,NL5SPSS,Force Fasteners International,24,100,200,5mm Nord Lock Washer Pair Stainless Large OD (NL),,,,
40000yyy025x,————————————-,———————————,—————————————-,25,10,20,SASEBO Boards,,,,
40000yyy026x,,CSU-Man-01,Sterling Edge,26,10,20,G10 Mount Plates,,,,
40000yyy027x,,CSU-Man-02,Van Cafe,27,10,20,Stainless Steel Mount Plates,"""005736""",,,
40000yyy028x,,70215K181,McMaster-Carr,28,148,296,Small TEFZEL Cable Ties,,,,
40000yyy029x,,70215K192,McMaster-Carr,29,78,156,Large TEFZEL Cable Ties,,,,
40000yyy030x,,SCHNORR-06,Force Fasteners International,30,78,156,6mm Stainless Steel safety washers (M6 Schnorr washers),,,,
40000yyy031x,,824366,Force Fasteners International,31,40,80,M6-1.00x8mm Silver Plated Button Head Captive Screw (BHCS SP),,,,
40000yyy032x,,CSU-Man-07,Sterling Edge,32,2,4,Stainless Steel Bulkhead Plate,,,,
40000yyy033x,,CSU-Man-08,Sterling Edge,33,2,4,G10 Bulkhead Plate,,,,
40000yyy034x,,94868A192,McMaster-Carr,34,6,12,Bulkhead Spacer,,,,
40000yyy035x,,SCM-A2-04-012,Force Fasteners International,35,12,24,M4-0.70x12mm Silver Plated Socket Head Captive Screw (SHCS SP),,,,
40000yyy036x,,NL4SPSS,Force Fasteners International,36,12,24,4mm Nord Lock Washer Pair Stainless Large OD (NL),,,,
40000yyy037x,,SCM-A2-05-012,Force Fasteners International,37,8,16,M5-0.80x12mm Silver Plated Socket Head Captive Screw (SHCS SP),,,,
40000yyy038x,,NL5SPSS,Force Fasteners International,38,8,16,5mm Nord Lock Washer Pair Stainless Large OD (NL),,,,
———————-,————————————,———————————,—————————————,39,10,20,Lower Cable,,,,
40000yyy040x,,CSU-Man-04,Van Cafe ,40,20,40,Far-side Guide Rails (Long),"""005676""",,,
40000yyy041x,,CSU-Man-03,Van Cafe,41,40,80,Stainless Steel(SS) Angle Brackets,"""005694""",,,
40000yyy042x,,823008,Force Fasteners International,42,80,160,M3-0.50x10mm Silver Plated Flat Socket Head Captive Screw (FSHCS SP),,,,
40000yyy043x,,NL3SS,Force Fasteners International,43,80,160,3mm Nord Lock Washer pairs Stainless,,,,
40000yyy044x,,HNMA2-03,Force Fasteners International,44,80,160,M3-0.50 Hex Nuts,,,,
40000yyy045x,,549050,Force Fasteners International,45,80,160,M5-0.80x10mm Silver Plated Socket Head Captive Screw (SHCS SP),,,,
40000yyy046x,,NL5SPSS,Force Fasteners International,46,80,160,5mm Nord Lock Washer Pair Stainless Large OD (NL),,,,
40000yyy047x,,CSU-Man-05,Van Cafe,47,20,40,Near-side Guide Rails (Short),"""005677""",,,
40000yyy048x,,CSU-Man-03,Van Cafe,48,40,80,Stainless Steel(SS) Angle Brackets,"""005694""",,,
40000yyy049x,,823008,Force Fasteners International,49,80,160,M3-0.50x10mm Silver Plated Flat Socket Head Captive Screw (FSHCS SP),,,,
40000yyy050x,,NL3SS,Force Fasteners International,50,80,160,3mm Nord Lock Washer pairs Stainless,,,,
40000yyy051x,,HNMA2-03,Force Fasteners International,51,80,160,M3-0.50 Hex Nuts,,,,
40000yyy052x,,SCM-A2-05-016,Force Fasteners International,52,100,200,M5-0.80x16mm Silver Plated Socket Head Captive Screw (SHCS SP),,,,
40000yyy053x,,NL5SPSS,Force Fasteners International,53,100,200,5mm Nord Lock Washer Pair Stainless Large OD (NL),,,,
40000yyy054x,————————————,———————————,—————————————-,54,10,20,SASEBO Board,,,,
40000yyy055x,,CSU-Man-01,Sterling Edge,55,10,20,G10 Mount Plate,,,,
40000yyy056x,,CSU-Man-02,Van Cafe,56,10,20,Stainless Steel Mount Plate,"""005736""",,,
40000yyy057x,,70215K181,McMaster-Carr,57,68,136,Small TEFZEL Cable Ties,,,,
40000yyy058x,,70215K192,McMaster-Carr,58,40,80,Large TEFZEL Cable Ties,,,,
40000yyy059x,,SCHNORR-06,Force Fasteners International,59,40,80,6mm Stainless Steel safety washers (M6 Schnorr washers),,,,
50000yyy901x,,798-HR10A-10R-12S71,Mouser,901,,10,Female Hirose Connector,,,,
50000yyy902x,,798-HR10A-10P-12P73,Mouser,902,,30,Male Hirose Connector,,,,
50000yyy903x,,517-10314-C200-00,Mouser,903,,20,D-Sub Housing,,,,
50000yyy904x,,517-10114-3000PC,Mouser,904,,20,D-Sub Connector,,,,
50000yyy905x,,517-10214-55G3PC,Mouser,905,,20,D-Sub PCB Header,,,,
50000yyy906x,,,Univ of Michigan,906,,20,SASEBO PCB,,,,
50000yyy907x,,575-5920000150000030,Mouser,907,,280,PCB Brass Pins,,,,
50000yyy908x,,575-9837015801427100,Mouser,908,,280,PCB Pin Receptacle,,,,
50000yyy909x,,FP038K-100-ND,DigiKey,909,,50,"3/8"" Heat Shrink",,,,
50000yyy910x,,517-301116BU/REEL,Mouser,910,,30,"1/16"" Heat Shrink",,,,
50000yyy911x,,,,911,,495,Cable,,,,